{"schemaVersion":"1.0","appDefinitionTemplate":{"id":"/providers/Microsoft.PowerApps/apps/","type":"Microsoft.PowerApps/apps","tags":{"minimumRequiredApiVersion":"2.2.0"},"properties":{"appVersion":"2018-05-15T11:42:52Z","lifeCycleId":"Published","createdByClientVersion":{"major":3,"minor":18051,"build":15,"revision":0,"majorRevision":0,"minorRevision":0},"minClientVersion":{"major":3,"minor":18051,"build":15,"revision":0,"majorRevision":0,"minorRevision":0},"backgroundColor":"rgba(208, 52, 56, 1)","backgroundImageUri":"/3114097717813658954/Ne6cc9bfc-0eb9-4eed-9659-e755373c5ec2-logoSmallFile","displayName":"TEST-FedBizAppsDemoDeployer","description":"","appUris":{"documentUri":{"value":"/3114097717813658954/Nb5a74c9b-1bfd-4665-8fb4-a9920c6fe33f-document.msapp","readonlyValue":"/3114097717813658954/Nb5a74c9b-1bfd-4665-8fb4-a9920c6fe33f-document.msapp"},"imageUris":[]},"createdTime":"0001-01-01T00:00:00Z","lastModifiedTime":"0001-01-01T00:00:00Z","sharedGroupsCount":0,"sharedUsersCount":0,"icons":{"smallIconUri":"/3114097717813658954/Nbf93ae68-b5ba-424d-b626-7a3658fd7185-small.png","mediumIconUri":"/3114097717813658954/Nfb177d29-e6ee-4305-adff-954b8e8e365e-medium.png","largeIconUri":"/3114097717813658954/N8723bfb9-75b6-4cba-9076-5bb0a479d218-large.png","wideIconUri":"/3114097717813658954/Nc4971fb6-84b5-483c-a7f7-a8654d91089a-wide.png"},"connectionReferences":{"3167bec7-de42-458f-8f46-48c9e3ad35ad":{"id":"f49c8eb3-e927-4188-9543-72f4526d9ca2","displayName":"Office 365 Outlook","iconUri":"https://az818438.vo.msecnd.net/officialicons/office365/icon_1.0.958.1142_263d6393-3478-4740-a864-4628d3f6c653.png","dataSources":["Office365"],"dependencies":[],"dependents":[],"parameterHints":{},"isOnPremiseConnection":false,"bypassConsent":false,"dataSets":{},"apiTier":"Standard"},"067525a2-adad-49da-aa07-eee1fec84844":{"id":"1222c3a3-27dc-403c-b2cc-71003aa2bc84","displayName":"DempoDeployerFunctions","iconUri":"https://prodapiicons.cdn.powerappscdn.net/20180313t000000z39eed2d0906042c2b2659ad3259e5ce4/customconnectoricon.customconnectoricon","dataSources":["DemoDeployerFunctions"],"dependencies":[],"dependents":[],"parameterHints":{},"isOnPremiseConnection":false,"bypassConsent":false,"dataSets":{},"apiTier":"Standard"}},"entityReferences":{}}}}